ID,Name,Distance (metres),Grade (%),KOM (seconds),QOM (seconds),Athletes,Category,Bearing
22144150,Dalbyvägen upp till Möllan,372.79998779296875,2.1,,,,0,
25891283,Kronetorps allé norrut,340.70001220703125,0.3,,,,0,
23895867,Spillepengs Red,4418.2,-0.1,963,1728,24,0,SE
22450454,Spillepeng blå motionsspår,1368.0999755859375,0,,,,0,
29939927,Till toppen,650.5,2.1,,,,0,
25582856,Kronetorp cykelväg,278.20001220703125,0.9,,,,0,
3542599,Lommabukten,1516.199951171875,0.5,,,,0,
30952202,Från utegymmet,316.5,0.9,,,,0,
9633950,Trelleborgsvägsspurten,516.4000244140625,0.1,,,,0,
15667265,Lundavägsrakan Norr,363.29998779296875,0.3,,,,0,
13410036,Norrevångsvägen,1774.0999755859375,0.1,,,,0,
25571040,åkarps åker runda ,4692.5,0,,,,0,
9537830,mossen 800m ost,814.7000122070312,0,155,,97,0,
9537864,mossen 800m väst,811.7999877929688,-0.1,,,,0,
8318079,Motorvägen-alnarpsparken,968.0999755859375,0.9,,,,0,
8318097,Alnarpsparken-motorvägen,930.7999877929688,-0.8,,,,0,
7564535,Alnarpskilometern österut,1105.2,-0.4,230,,113,0,
3542663,Lomma beach,1297.3299560546875,-0.699999988079071,,,274,0,NE
12720178,Uppåkra hill dash,998.8,1.1,220,,83,0,
27037230,Stora eket,750.5,0,,,,0,
13492852,Alnarp reflexen,2390.10009765625,0,658,,11,0,SW
22901685,Uppåkra 400m sprintbacke,403.8,2.1,,,,0,
15938341,Lomma Strandhusen,1041.6,0.1,,,,0,
25329993,Get down to business ,908.5,-3.6,,,,0,
4125370,Riser,1204.800048828125,3.0999999046325684,,,7,0,N
6367044,Knivsåsen Norrut Skåneleden,1379.5,-1.5,384,,250,0,
26389408,Pinnmöllan uppåt,298.7,2.4,,,,0,
3311334,Villaområde Center,2725.5400390625,-0.10000000149011612,,,0,0,E
10860360,Mot Veberödsvägen climb,719.8,4.6,181,,231,0,
4164120,Hjärup-Åkarp,1893,-0.20000000298023224,,,14,0,SW
26514732,Cykelbanan Båtgatorna,705.8,-0.8,,,,0,
18588891,Sexespurten,415.7,2.6,,,,0,
24402253,Lap Lomma IP,388.1,0,,,,0,
27845513,Stallvägen,419,0.5,,,,0,
23293183,Upp för hästspåret 1,355,5.3,,,,0,
15044704,G:a Trelleborgsvägen till kyrkan söderut,272,1.7,,,,0,
18588913,Sidfläskvägen,589.3,-0.6,105,,29,0,
27845556,Promenad till parken,565.3,-0.4,100,141,72,0,SW
15084927,Nya Hjärup reverse,883.5,0.2,167,192,118,0,W
24835903,Hjärupsparken delsträcka,456.1,0.6,,,,0,
25330014,Tough it up,862,2.4,182,451,36,0,W
22598107,Hjärups park,1411,0,329,508,19,0,SW
30810574,Banvallsvägen norrut,1084.8,0.8,,,,0,
21431792,Hjallemilen 2019 ett varv,5029.7,0,1133,1340,26,0,S
22741816,Karstorpsvägen uphill,1019.6,0.9,,,,0,
18546768,Hjärups löparbana 380m,384.6,0,67,102,38,0,NE
23005387,Rökepipan climb,161.3,12.9,,,,0,
10380249,G. Lundav. at Hjärup south,1235.8,-0.2,,,,0,
21938259,Lilla Bjällerupsvägen,2538.89990234375,0.4000000059604645,659,,40,0,
23293203,Upp för häststpåret 2,384.1,2.8,,,,0,
23222243,Motsols,441.8,0.6,,,,0,
16637972,Väståkravägen Hjärup west,885,0,183,207,250,0,NW
28359228,Åttevägen,451.4,-1.2,,,,0,
14012676,Nya Hjärup,899.7,-0.5,,,,0,
13230199,SL Upp på ryggen,784,-0.9,183,262,807,0,N
30338761,Korta rundan,2587.7,0,675,682,12,0,SW
30338709,Korta rundan,2587.7,0,,,,0,
17202931,G:a Lundav Bergströmshusen,950.4,0.4,,,,0,
23529125,"Dalby Fälad no5, norr",627.4,0.8,,,,0,
18580145,Skynda till stationen,288.7,-0.7,0,66,151,0,NW
22568870,Kroppekärrsrundan,2223.1,0,,,,0,
15462105,Norrevångsbacken,269.6000061035156,4.1,,,,0,
20780953,Sidfläskvägen reverse,563.6,0.5,,,,0,
10289741,1k THS banvall,1056,-1.5,173,,79,0,
36499627,Runt Corso,622.2,-0.2,,,,0,
24272431,Första 5k på 10k från Dalby,5004.9,-0.8,1000,1126,1703,0,NE
6237102,Raskt opp Skrylle,737.3,1.7,146,178,2294,0,N
6083844,Skryllemilen från Dalby,9576.1,0,2083,2657,476,0,NW
26752609,Cykelbanan Karlstorp 1km,1000.1,0.3,,,,0,
15044695,Väståkravägen Hjärup east,916.4,-0.1,,,,0,
30868892,Vinstorpsvägen - Prästbergavägen,1480.5,-0.2,,,,0,
22469151,Flygande kilometern Vinstrop,999.3,0.3,,,,0,
31089951,Höjeågatan - Centrumgatan,1109.2,0,,,,0,
5277945,Steroidspeed,1381.699951171875,-1.5,,,78,0,SW
22249884,Tennisbanebacken,275.1,6.5,,,,0,
10381027,Jakri - Vragerupsvägen,448,-0.6,,,,0,
10381051,Allévägen south,251.1,-0.3,,,,0,
26146943,Badet-Bokskogen (upp),330.8,1.4,,,,0,
6367020,Skrylle - Knivsåsen på Skåneleden,2971.199951171875,0.8,916,,22,0,
23529093,Omärkt stig uppför,824.5999755859375,2.8,,,,0,
16637954,Bergströmska till Ljungs,745.4,0,,,,0,
12720075,The Hamster Wheel,979.9000244140625,0,41,,100,0,
8548413,Bästa delen på rundan,809.1,-2.7,180,,46,0,
10381041,Tösavägen east,494.3,0.4,,,,0,
14195093,MTB 1,1072.300048828125,0.5,267,,91,0,
24229232,"Skrylle 0,5k halvvägs på 5k",507.6,0.6,,,,0,
24229268,"Skrylle 0,5k raksträcka, lätt uppför",500.4,0.7,,,,0,
14195109,MTB 2,834.3,0.6,259,285,220,0,N
32436260,The Lomma 400,406,-0.8,,,,0,
17256066,Höje å till E22,504.7,1.3,,,,0,
6943384,"Coast, north to Bjärred",1643.2,0.3,350,,147,0,
13226248,Hjortabacken ,838.2999877929688,4,204,275,83,0,W
16746880,5k skrylle THS,4828.5,0,1127,,106,0,
17255720,131:an till 6:an,645.7999877929688,0.2,,,58,0,NW
12700112,Flackarps mölla,815,0.3,152,219,250,0,W
26146865,Genvägen: Trädstigen - Elljusen,329.1,0.8,,,,0,
13230106,Skåneleden Downhill,548.9,-3.8,107,146,445,0,S
18546739,Ynglingevägsrakan,1246.9,0.1,,,,0,
8875606,Flackarps mölla,575,-0.8,106,145,326,0,E
21938355,Sjöstorp - Dalbyvägen,2038.5999755859375,-1.8,353,,44,0,
24676499,X till 5;an,684.5,0.5,,,,0,
14983092,Utförsrullningen,711.2999877929688,-2.8,,,,0,
17342535,10k skrylle Start boklunden,9592.4,0,2045,2617,186,0,S
9900877,7k skrylle ,6676.2,0,1686,2092,33,0,W
8498679,Tilting At Windmills #1,2069,3.2,475,,21,0,
8655234,Tilting at Windmills #2,2550,2.1,559,,32,0,
28110562,Skrylle 1mi sprint,1611,-3.1,,,,0,
8333320,Messing About By The River ,748,0.1,149,193,516,0,NW
14698660,7k skrylle V4,6740.9,0,1634,2074,45,0,NW
12871433,7K Skrylle Ver3,6673.7001953125,0,,,,0,
24132176,Lundaloppet Segment Challenge - Å,1395.9,-0.1,,,,0,
13776197,King of the hill,517.5,2.6,,,209,0,N
18813147,Lidl-Slättäng,922.9,0,185,218,471,0,SW
13776154,Sprint till bussen,197.2,-0.8,,,176,0,SE
14718540,spurten,286.3,-0.7,53,,953,0,
13247243,Flackarp - KG,808,-1.6,164,193,250,0,N
14005555,Sydöstra Vägen (Gastelyckan),770.9000244140625,0.3,155,,17,0,
10860371,Skåneledenrundan last climb,2619.6,2.1,671,757,805,0,NW
7208694,Lomma Beach,871.1,-0.1,213,213,148,0,S
9002273,Under bron längs Malmövägen,1148.7,1,239,,382,0,NE
32109722,Mellan dammarna,722.7,0.1,,,,0,
21938254,Dalbyvägen,1893,0.2,,,,0,
26819438,MTB-The Maze,739.9000244140625,-0.9,,,,0,
25708061,Elhuset till tornet,1211,1.1,,,87,0,E
13314804,Åkerspurt,448.2,-0.4,79,,351,0,NW
19003956,Stora Råby-Nilstorp,1537.0999755859375,0.1,319,,125,0,
23585170,Råby - korsningen,623.5,-0.1,,,,0,
19770007,Stora råby till E22,1194.5,-0.1,248,,137,0,
6237108,Skrylle slutstigning 5an,1082.1,1.7,232,,717,0,
26882018,Stora Råby byaväg,1305.5,-0.3,,,,0,
8756573,St Råby,1287.0999755859375,-0.3,240,,29,0,
8317972,Hästhagen,653.6,-0.2,108,,598,0,NW
26514634,Mellan Dammarna 1km,998.8,-0.1,,,,0,
14005569,Stora Råby Byaväg (Backe),1011.7000122070312,1.3,206,,109,0,
10796087,Arendala Hill Climb,748.9,5,169,,86,0,
26587974,Tetra Pak Grusväg sprint,555,-0.2,,,,0,
21528103,Råbysjön RW,1445.5999755859375,-0.1,288,,26,0,
13230939,Råbysjön,1519,0,293,,38,0,
16916773,"Väg 103, medvind bort från Lomma",1177.699951171875,0.4,183,,171,0,
2134104,Skryllemilens slutstigning,1596.3,3.6,380,432,2512,0,W
26736089,Biltema till Dalbyvägen,1220.300048828125,0.7,,,,0,
8808705,Tetra Pak Sprint,1009,-1.4,,,,0,
24224861,Skrylle 5k spåret stigning före spurten,502.2,3.6,,,,0,
24676527,Ge dig INTE!,657.5,2.5,,,,0,
23585178,Korsningen - Råby,616.9,0.5,,,,0,
28086549,Lundaloppet 2021 Råby (korrekt),3611.6,0,,,,0,
11730408,Kyrkan - Scoutgården,619.2000122070312,0.2,125,,151,0,
12590025,Lomma Kyrka -> S. västkustvägen,1081.2,0.1,230,,78,0,
31241333,Water Works Hill,110.1,4.8,,,,0,
26709634,Gula Furet från LMM - moturs,3008.5,0,,,,0,
24298065,Uppför 7 km backen ,404.79998779296875,5.4,,,,0,
18057666,Bron till grusvägen vid golfbanan,847.7000122070312,-0.20000000298023224,197,,34,0,
24835943,Regnbågen,873.8,-0.3,,,149,0,W
17557500,trupsrekÅ,505.9,0.4,100,110,639,0,SE
15991393,Habo Fure Yellow track 3k,2977.9,0,695,,47,0,SE
6678633,"Yellow tour in Furet, Lomma",2969.2,-1,,,,0,
10216660,Skryllebacken,484.7,5.7,132,,925,0,
14656651,negahtsäH,623.3,0.2,122,,621,0,SE
2182429,Flackarpsbacken,576.967,2.1,106,133,552,0,S
16509421,Lund Runt,26744.8,0.1,,,30,0,N
14983134,Spurten till Skryllegården,789.3,-1.5,160,,872,0,
14534571,Sunnanväg,878.2,0.1,,,227,0,NW
13247224,Källbybacken,415.5,2.8,85,111,656,0,NE
14515977,Sunnanvägen 1 km,1010.8,0.6,,,21,0,NE
22290259,Johans lunchspurt,263,-0.8,,,,0,
33509983,På stranden från Habo till piren,1571.8,0,,,,0,
7298013,Hill of Rabbits,745,2.2,148,170,391,0,NE
14534568,Klostergårdsvägen,668.3,-0.5,,,,0,
16788864,1000m intervallen,916.0999755859375,-0.5,,,,0,
19103363,Källbybacken,1085.5,0.4,,,,0,
19098130,Billebjer - SkrylleChallange,1120.1,-0.1,262,297,657,0,S
18941237,"Kisa, och så tror du att du är i Kenya ",1777.300048828125,-2,365,,24,0,
21938335,Billebjer grusvägen,496.1,-0.4,126,,47,0,
26072945,Backe sväng till sväng,129.10000610351562,6.9,,,,0,
12869107,Kolonin till St.Lars backen,1584.4,0.1,344,446,255,0,SE
8045950,Frozen Bunnies (HoR Winter),584,2.1,108,,234,0,
7621655,Lunds Reningsverksdammar (reverse),1536,0,316,393,598,0,NW
15163846,Around the ring reversed,868.5,0,155,184,46,0,NW
14656792,Gravel hill trail ,628.9,1.9,128,,433,0,
10546714,Around the ring,865.1,0,151,253,43,0,SE
16436668,"Spurten Skrylle 3, 5 och 10 km",449.9,-1.6,71,95,2756,0,W
3044093,3km Skrylle,2614,0.5,551,,319,0,
32835129,Virvelvindsvägen till östanväg,512.5,0.3,120,154,53,0,E
8922161,Skryllegården Bonusintervall,945.7000122070312,0.3,,,,0,
8737573,2-4-6-8 Motorway,920,0.8,187,,146,0,
7897897,Skrylle 2k gemensam ut,1972.0999755859375,0.2,385,,1075,0,
23825983,6k Skrylle ,5697,0,,,,0,
8498711,Hardeberga Grass Hill,528,5.7,122,,40,0,
19454910,5k skrylle Hitta starten!!,4809.5,0,,,,0,
4490359,Skryllemilen,9413.9,0.1,1967,2212,1693,0,N
23640804,Skåneleden - 13A Skrylleslingan,14869,0,3800,4730,414,0,NE
3197715,5km Skrylle,5197.66,0,1006,1083,673,0,NE
3180721,Linero - Dalby,6438.7001953125,0.20000000298023224,,,31,0,SE
4475076,Lund-Dalby,6407.2001953125,0.4000000059604645,,,83,0,SE
24501677,Skrylle MTB 2.0,10741.9,0.1,3365,3962,49,0,NE
35804649,Oskarfrids600,605.3,0,,,,0,
15704569,Korpavallen upp,217.7,0.3,36,,463,0,NE
5592218,Linero-E22 Cykelbanan bredvid Dalbyvägen,1436.699951171875,0,297,,199,0,
8955898,Reningsverket baksida,1540.199951171875,-0.6000000238418579,330,,179,0,
8305547,"Elfel, tåg inställt!",499,1.7,88,132,1068,0,NE
8624111,Tre högar bägge backarna,400.20001220703125,6,90,106,39,0,N
21711505,Dalbyvägen till Tre Högars park,381.29998779296875,5.599999904632568,80,99,52,0,N
14661185,Habo Ljung - cykelväg,875.7,-0.3,173,,243,0,
19893367,Klostergården runt,2252.4,-0.2,473,566,39,0,SE
19342861,Nya Lund Runt,27630.9,0,6220,7815,59,0,SW
31225115,Asfaltsrakan till Rögle,679.6,0.4,,,,0,
23707839,Slutspelsspurten Forza,308.2,0.5,54,81,250,0,NW
14534565,Mellanvångsvägen,537.5999755859375,-0.5,,,158,0,S
5540759,Lund-Kyrkheddinge-Genarp,17093.6,0.1,4786,0,1,0,SE
5821912,MÅRYD Climb,751.7000122070312,5.800000190734863,,,1,0,S
8756570,Rakan,1023.5,-0.30000001192092896,194,,44,0,SW
13439563,"Habo-skogen, östra sidan söderut",878.2999877929688,-0.4,,,,0,
7247742,Hardeberga Hillclimb A,2556,2,584,,161,0,
15704577,Korpavallen ner,228.8,-0.8,39,,101,0,
19098126,Rögle dammar - SkrylleChallange,1124.9,0,243,279,617,0,W
9140803,Ruben Rausing,422.7,-0.6,70,,510,0,S
31225152,Asfaltsrakan till Hardeberga,676.3,-0.4,,,,0,
18089043,Habo till Hamnen i Lomma,2011.4,0,,,,0,
24253207,Lundaloppet Segment Challenge - Hardebergaspåret,1117.4,1,213,234,1487,0,NE
8534901,Arena Service Road 400m,356,0.8,63,,456,0,
8665675,The Iron Horse,375,-0.4,65,,816,0,E
2154607,Nerför Flackarps byaväg,910,1.2,,,,0,
11704544,The Iron Horse Väst,393.5,0.3,65,,777,0,W
8498691,Traffic light at the end of the tunnel...,463,3.2,94,,106,0,
19342854,Sista 1.5 km LR,1581.9000244140625,1,,,,0,
17564426,Mejeriet-Högevall,458.5,0.1,81,,452,0,NW
8257775,Stadsparken sydlig CW,1167.5,0.10000000149011612,230,,202,0,NW
8045959,Mean Machine,611,-0.7,,,,0,
8305533,"Signalfejl, tog aflyst!",494,-1.7000000476837158,83,,394,0,SW
22692990,Testvarvet Ekmans,4977.9,0,942,1232,38,0,SE
8071612,Rådmansvången road lap,2224,0,451,,55,0,S
8168829,Rådmansvången road lap (anticlock),2271,0,,,26,0,W
7247759,Hardeberga Hillclimb B,1080,2.9,238,,177,0,
12182080,Stadsparkenkilometern,1058.2,1.8,203,262,427,0,E
20556578,Hardeberga Downhill,2725.5,-1.9,513,680,282,0,W
25752519,Högevall,457.2,1.2,,,,0,
25385849,Klostergårdsvallen runt,1153.6,0,226,325,25,0,W
23844894,måryd->grillplats 8,385.5,11.3,,,,0,
11704559,Stadsparken Korta,858,0,159,,645,0,SW
14534578,Klostergården IP genom Stadsparken,1107.5,-0.2,,,71,0,E
4706177,MÅRYD Climb,786,6.4,228,,35,0,
7984536,Rise beyond bus stop,766.0999755859375,1.8,161,,68,0,NE
24918477,Sista 3 dammarna från trappan,534.6,0.2,,,,0,
8430574,Sewage works hill,843,1.1,165,225,878,0,SE
20009660,Arena Service Road Southwestbound,414.5,-0.7,74,90,630,0,SW
21530603,Parkpromenaden,425,-0.7,66,88,1474,0,SE
8665801,Backen dammarna till Trollebergsvägen,598.4,2.9,,,,0,
15769994,Åkervägen,726.5999755859375,-0.10000000149011612,137,,47,0,
22000312,Hjalmar uphill,837.5999755859375,1.6,,,,0,
17350431,E22 - Lund östra till Hardebergaspåret,549.7999877929688,1.9,,,,0,
8175194,Mean Machine (reverse),588,0.6,,,,0,
23591779,E22 uppför,550.2000122070312,3.2,,,,0,
28458676,"Lundaloppet 2021 del 2, Södra Lund",4721.1,0,917,1044,220,0,E
13314824,Stadsparken innervarvet,918.4,0,168,172,702,0,SW
8728485,"Quick, 12 years late for school! ",343,4.099999904632568,72,,213,0,N
14523893,Out 'n back ,2476,0,516,,13,0,
5828359,Tornavägen undre,870.2,2.5,194,,215,0,
8505884,Stadsparken runt (clockwise),1221,-0.1,258,,81,0,
6814314,Stadsparken runt,1258.5999755859375,0,269,,107,0,
14771116,Stadsparken rakan,418.4,-0.8,,,,0,
20636697,Högevall,452.2,-1,,,,0,
8618527,Ö Fäladsv U-backe,213.5,-0.3,,,95,0,W
16536662,Uppför Pedellgatan,390.1,2.8,77,,204,0,N
2729780,Stadsparksvarvet,1364.8,0,264,,110,0,S
22000401,Hjalmar downhill,768,-2.2,,,,0,
5182296,Lunds Reningsverksdammar,1647.4,-0.1,340,428,537,0,SE
31695073,Hemska kilometer sju,999.7,2.1,,,,0,
24132620,Lundaloppet Segment Challenge - Vilken start!!!,1497.8,0,281,308,722,0,S
14832850,Uppför Sankt Jörgens park,340,2.7,81,,162,0,N
16408034,Sankt Jörgen runt,724.4000244140625,0,142,,22,0,E
18752551,Fyra dammar runt,1477.2,0,291,344,199,0,NW
8737629,Lundaloppet - Bot. Garden Hill,602,2.3,129,,243,0,
12043677,HBSP Tornav to Autostradan,551.7,1.7,110,,1013,0,NE
8020798,Hardebergaspåret,2453.5,0.2,554,,64,0,E
11583051,Rakt genom stadsparken,741.7,-1,143,,496,0,S
17008350,Assarhusavägen backen,309.4,2.9,70,,47,0,
1338259,"Lundaloppet, 5km",5001.2,0.1,1129,1476,11,0,NW
9445083,Lundaloppet 2015,9566.2001953125,0.10000000149011612,,,161,0,NW
12661678,Tornastigningen,1398.9,2,,,,0,
12632811,Längs dammarna,795,0.10000000149011612,151,,247,0,
34319063,Lundaloppet Botaniska,563.3,0.8,,,,0,
9428846,Hardeberga spår till Galjevångsbacktopp,267.29998779296875,6.4,76,,41,0,N
8164525,Trollebergsvägen hill,688,1.3,,,,0,
23621430,Trollebergsrondellen to Byggmästaregatan,776.2,-0.2,168,191,535,0,N
24253112,Lundaloppet Segment Challenge - Centrala Idrottsplatsen,740.2,0,134,211,22,0,E
34319076,Last km Lundaloppet,1017.4,-0.2,,,,0,
14719044,"Lunds arena 3,5 varv ca 1500 m",1513.3,-0.1,262,,369,0,
11661406,Lunds arena 400 m (knappt ett varv),420.9,-0.2,0,0,136,0,E
14719053,Lunds arena 1 varv ca 400 m,407.2,-0.2,58,,417,0,
14718965,Lunds arena 5 km,5011.3,0,933,,237,0,
19970530,två varv (ca 800m),843.8,0,134,,381,0,
18892939,Garden loop clockwise from Agardhsgatan,964.9,0,210,269,90,0,SE
8164530,Trollebergsvägen (full),1793,1.4,,,,0,
7281717,Hardebergaspåret Bridge 1-Bridge 2 (uphill),758,1.5,139,,960,0,NE
25701440,"Tillträde förbjudet, överträdelse beivras",695.2,-1.4,,,,0,
8728552,Diabolus in musica,602,2.2,123,,463,0,N
15558826,Lund arena 3/4 varv ca 300m,305.5,-1.7,40,,925,0,
15106861,Lunds arena 1/2 varv ca 200m,195.5,-2.4,17,,913,0,
13262069,Through the tree,248.89999389648438,3.0999999046325684,52,,72,0,E
19300378,1000 meter,1000.5,-0.2,177,,375,0,
17374162,E22Norr,620.4,3.7,19,206,6,0,N
15925848,Negativa höjdmeter med positiva effekter.,693.2,-2.2,,,,0,
21120840,MF Sandbyvägen västerut,285.5,-1.5,,,,0,
13246681,Rinnebäcksravinen light,569.9,2.3,,,,0,
22593354,sommarlovsparken - 400m,385.1,-0.8,,,,0,
23955922,Lundaloppet Segment Challenge - Först till gymmet vinner!,677.9,2.2,,,,0,
7437258,Botan-Möllevången,2227.2,0,,,,0,
27015585,Lundagård,236,-1.7,,,,0,
24253166,Lundaloppet Segment Challenge - Lokföraren,613.2,-0.5,107,161,231,0,NW
29069721,"Moturs runt Bjeredsparken, start i söder. ",1255.5,0,255,359,40,0,W
30678708,Lund Tuna - Uppför bakom fotbollsplanen,145.8,2.5,,,,0,
26702679,Hardeberga Bridge 2-1 downhill ,820.4000244140625,-1.5,,,,0,
7605423,Hardebergaspåret Bridge 2-3 Uphill,1227,0.2,,,,0,
8049429,Hardebergaspåret Bridge 1-Bridge 2 (downhill),760.4000244140625,-1.5,,,,0,
21120827,MF Hardebergaspåret österut,706.4,-0.2,,,,0,
8833469,Sölvegatan hela backen,490.5,3.3,87,115,724,0,NE
35608720,Uppför Sölvegatan,646.7,2.3,,,,0,
21796330,"trollskogsv->hällestadsv, via skog ",1376.4,-1.7,,,,0,
30496699,Lund - Tuna bakom E22 norrut,339.5,0.4,,,,0,
16536643,Torn Away,465.2,2.1,100,,357,0,
23241798,Diet Rinnebäcksravinen,492.6,-1.7,,,,0,
22878054,Önnerupsvägen till Värpinge,1413.5,0.4,,,,0,
25515255,Runt Värpinge golfbana och halva dammarna,4636.9,0,1195,0,2,0,SW
7605487,Hbsp - Built for Speed,1598,-1.5,266,,791,0,SW
34800568,UB-Parken - Helgonavägen,303.3,2.4,,,,0,
12240950,Rinnebäcksravinen,1002,-1.2,193,,326,0,
24439103,Önnerupsvägen to Fjelievägen,1480.7,0.2,,,,0,
32908632,Cykelaffairs,351.3,-1.9,60,87,348,0,SW
10311817,Lejonbragden - Start Hardebergaspåret,10000.4,0,,,,0,
8028141,Väster till St Hans,1549.1,0.8,,,,0,
14649573,Next to the field,511.6,1,102,,139,0,S
25701377,Genvägen till Hardebergaspåret,244.9,3.3,,,,0,
20394754,Hardeberga hela ÖT,1844.6,-0.7,,,,0,
4474273,Utmarksvägen-Kungsmarken,1478.3,-0.4,277,,811,0,E
17621876,Upp till Måryd,663.7,4.3,,,,0,
30783092,Trench under Utmarksvägen,448.2,0,82,95,1407,0,W
7605437,Hardebergaspåret Bridge 2-3 Downhill,1252,-0.2,,,,0,
16662728,Tuna Sprint,597.7,-0.4,105,,210,0,
29898757,Tuna sprint,582.8,-0.7,,,,0,
26698740,Upp genom LTH,615.4,1.8,127,162,263,0,N
8481693,dirt track 2,639.5999755859375,1.1,,,,0,
7136979,Lejonbragden östra slinga,5382.1,0,,,,0,
14720908,Sprint to work,581.8,2,123,,317,0,
29237509,Lundaloppet 2021 Östra Lund del 4,6456.9,0,,,,0,
24335908,Bjeredsparken runt,1320.7,0,260,391,38,0,W
7136972,Lejonbragden västra slinga,4482.7,0,1007,1326,26,0,SE
9055566,1km svett,985.4,0.9,,,,0,
22400373,Lejonbragden 2020 - Västra slingan,4290,-0.2,,,,0,
8772526,Vandrarhem Tåget Memorial,691,0.2,128,181,197,0,SE
22400400,Lejonbragden 2020 - Östra slingan,5765.1,0.1,,,,0,
30496709,Lund - ÖT Coop-Nappträdet,350.1,-1.5,,,,0,
28072827,Medicon Village - Höjdpunkten,545.4,2.2,,,,0,
30821628,Kung Oskars Bro - Max till topp,197,3.6,29,31,740,0,E
20706102,Decent Hill,864.5,2.8,,,,0,
8752885,Kung Oskars Bro - from Max to Klv.,529,2.5,93,135,624,0,E
6427398,Golfbanan - Utmarksvägen,1547.4,0.3,294,,643,0,
7766491,Hbsp - Tunnelbanan,1468,-0.4,190,,290,0,
24218441,Lundaloppet Segment Challenge - Varvet,2175.7,0,435,594,61,0,E
25158916,Bjärred-Habo kilometern,1063.4,-0.6,,,,0,
2935941,"LAGK 2,5 km",2481.340087890625,0,,,53,0,NE
23621381,Fågelskolan to Trollebergsvägen N-S,1029.4,0.3,,,,0,
5777534,SANDBY Climb,509.9,10.7,,,10,0,S
19853335,"hällestadsv->trollskogsv, via skog",1311.9,2.5,,,,0,
8535003,Hbsp - Cage of Cats,1500,0.4,297,,447,0,
7766374,Hbsp - Far Gone And Out,2743,-0.7,336,,163,0,
7766403,Almbacksvägen Hill,894,4.3,150,,96,0,
8658535, Almbacksvägen - 2 Minute Hill,534,4.8,91,,99,0,
10599560,Önnerupsrakan,2946.5,0.3,,,,0,
5777538,Bokvägen Climb,1280.2,3.7,532,0,1,0,S
14500793,Orkesterbacken,329.2,-0.9,48,,209,0,
26734575,Spurten,205.6,3,22,39,524,0,SE
8465854,Orkesterparken runt,2463.39990234375,0,,,,0,
22084745,Gravedigger,852,-1.5,153,198,322,0,W
14850455,IKDC - Kårhuset,404.4,-1.5,82,,111,0,
24218499,Lundaloppet Segment Challenge - Tornavägen GP,1866.7,-1.4,,,,0,
26241883,Lund City Walk,4925.5,-0.2,,,,0,
8535050,"Hbsp - No easy way out, no shortcut home...",2804,0.7,620,,138,0,
27350612,Backen vid trappan,188.9,4.1,,,,0,
25282867,Ideontorget - LTH-parken,739.6,-1.2,,,,0,
29107525,Djingisslingan-Spurten i Bananparken,270.9,-2.7,,,,0,
7927074,Training Loop 2,1068.3,0.1,,,,0,
28072878,Bak om Qlik,355.4,-0.4,,,,0,
34105031,Ideongatan / Scheeleparken,698.7,-0.1,,,,0,
4843021,Bjärred Strandvägen (norrgående),1622.800048828125,-0.2,,,,0,
16715196,Vattentornet Halvmil,5008.5,0,,,,0,
23437968,Upp till Möllan,344.2,3.1,,,,0,
31081638,Helvetes slutspurt,488.2,0.1,,,,0,
20038750,Raksträckan Norra Kyrkogården,509.4,-0.9,,,,0,
32908609,Monumentet Moment,604.9,0.3,,,,0,
11583032,Hem-Slutet av S:t Hans,1119.699951171875,-0.2,,,,0,
34800545,West of the Cemetery,642.2,0.2,,,,0,
24990256,Djingisslingan-Solbjerparken till 4H,1434.5,-1,,,,0,
10540113,Brunnshögsfemman,5022.60009765625,0,,,,0,
33788893,Monumentsparken,661.7,0,,,,0,
10242015,Fjelierakan,1153.9,0.1,,,,0,
26771032,Karl XI,157.4,4.3,,,,0,
24049093,Mossen highway to Hell fast n furious,3060,-0.2,,,,0,
12068315,Lundavägen mot havet,538,0.7,,,,0,
31309387,Dash to Dammstorpvägen,1279,-0.6,,,,0,
14910424,Lilla Utmarksvägen,774.3,-0.8,157,210,153,0,NW
5461675,Djingisbacken,404.1,3.2,70,97,662,0,E
29373569,Över Norra Ringen norrut mot S:t Hans,336,-1.2,,,,0,
7419869,Odarslövsrakan-Hem,1171.4,-1.5,,,,0,
18733020,Möllevångsvägen,635.4,-1.5,136,,31,0,
8453931,Sprint to the office,205.9,1,31,,316,0,
26877971,Nobelparken counter-clockwise,753.6,0,135,179,77,0,W
23537437,Sandby mosse andra hållet,4456,-0.1,,,,0,
5441820,Möllevångsvägen Climb,634,6.4,,,,0,
17076476,Mossavägen,1698,0.1,259,,17,0,
20525374,Delphi-runt (motsols),3858.9,-0.1,,,,0,
5057232,5k from Sofiaparken,5145.2,0,2107,0,0,0,SE
20689760,Fladen V 1k,809.2,-0.2,65,,101,0,
22033713,Uppför och raksträckan,205.7,-1.1,,,,0,
26850932,Nobelparken CCW,639,0,117,165,146,0,W
26850913,Nobelparken CW,654,-0.1,138,173,60,0,E
22134530,Brunnshögstorget - MAX IV,527.6,-1.5,,,,0,
9937340,Branta backen,546.0999755859375,2.700000047683716,124,,341,0,
25600403,Asfalten Mossen,1658.2,0.1,,,,0,
9937293,Åsså uppför backen,606.9000244140625,2.4000000953674316,122,,307,0,
8986405,Skarpskyttevägen österut,313.1000061035156,0,59,,369,0,
8335533,The downhill,500.79998779296875,-7.6,,,,0,
8453871,Sankt Hans Loop,2083.7,0.1,556,798,11,0,N
8554854,Sankt Hans (winter) Loop,1654.800048828125,0.1,,,,0,
15615155,Långa intervallbacken St Hans,221.1,10.1,,,,0,
25649297,Golfklubb - Gustavhillsväagen,1272.2,-0.1,334,357,62,0,E
26307591,Genom Damstoprsskogen,1262.9,0.1,331,350,58,0,E
12302380,Hill Sprint ,89.6,-4.4,,,,0,
20595152,Lovisa på landet söderut ,1417.2,-0.2,,,,0,
22961187,Gunnesbo to Nöbbelöv,422.6,1.3,,,,0,
9138841,SHE 2014 banan,2521.6,0,577,663,566,0,SE
7419856,Trädet-Odarslövsvägen,2276.3,-0.4,521,641,111,0,N
17429384,Parkvarvet,925.2,-0.2,,,,0,
8986389,Cykelvägen söderut,146.1,0.8,22,,555,0,
21703598,"Behind Kämnärs, E-W",599,-1.2,,,,0,
22004769,"Behind Kämnärs, W-E",594,1.2,,,,0,
14455815,Sankt Hans Backar circle,1503.5,-0.1,,,,0,
9929904,Ett varv runt backarna,1582,0,355,,28,0,
10898537,Drag strip,673.5,0.2,,,,0,
9080586,Dammtorps-backen,262.3,0.5,51,57,250,0,SW
9937305,Ännu en backe,527,2.5,99,,124,0,
9937361,Varvet runt backarna,1570.0999755859375,0,355,,31,0,
20135599,Fjelie kyrka,1497.3,0.2,236,370,141,0,E
22961047,Sankt Hans Puls,255,5.1,,,,0,
12746766,Långa backen,505,1.8,,,,0,
16990480,SHE bottom to top,470.5,7.7,,,,0,
6546234,StHans Extreme,2509.9,0,573,678,521,0,E
21703615,"Behind Borgarparken/Delphi, E-W",502.5,-0.9,,,,0,
27221870,Slakmotan på St Hans,144.1,4.4,,,,0,
13822110,Norra Fäladen 3Km - moturs,2916.1,0,744,819,11,0,SW
25661303,Misären efter SHE,211.5,2.9,,,,0,
23252661,Borgarparken runt,844.1,-0.2,,,,0,
13822291,Norra Fäladen 5Km - moturs,4926.6,0,,,,0,
22004782,"Behind Borgarparken/Delphi, W-E",489.1,0.9,,,,0,
7869187,The hill,529.9000244140625,7.199999809265137,108,,181,0,
21393129,Dirt track reverse,1185.1,-0.7,,,,0,
34797274,Utmarksvägen från Kunskapsparken,528.6,1.1,99,136,403,0,SE
13474008,dammtorp träd till träd,282.8,2.8,50,36,276,0,SW
35533103,Damstorp-Gustavshill-Hobykrok-Damstorp,4519.8,0.1,,,,0,
20689773,Fladen NV 1k,998.9,0.8,,,,0,
31650664,Forskareparken up the middle,619.8,-1,126,184,91,0,NE
7504838,St Hans - Annehem,476.2,-1.4,87,,395,0,
20118951, Annehem runt (ca 4km),3750.1,0,897,,15,0,
22881042,Frueräften moturs,956.7,-0.1,,,,0,
22963938,Discgolf - Hundrastgård,841,-0.3,,,,0,
17497201,Backen,739.2,3.4,,,,0,
23437934,Räftvägen Lindegårdsvägen,983,1.4,,,,0,
22882462,Frueräften medurs,959.8,0.1,,,,0,
20181063,upp till Frueräften,978.7,2.5,,,,0,
26285697,Tram stop MaxIV to tram stop ESS,867.2,-0.1,,,,0,
7917869,Klosterhöjden,722.9,-0.3,172,,108,0,
8651210,Synchrotron Hill,319,0.5,60,,294,0,
14211424,Klosterängs 8an,1077.8,-0.1,248,,24,0,
16544371,Hill Bacon Bump fur alle,1760.3,-0.2,,,,0,
19191359,Klosterängsvarvet,1608.5,-0.6,,,,0,
7283585,The hill,856.4,0.1,186,,69,0,
22134522,MAX IV - Brunnshögstorget,540.3,1.6,,,,0,
17076455,Förbi Ekeberga,2052.4,-0.1,,,,0,
20634771,Nya Utmarksvägen,761.8,0.6,137,195,250,0,SE
31541818,"Science Spring Run 2,5 km",2504.5,0.1,,,,0,
22134545,MAX IV - ESS korsning,437.3,0.4,,,,0,
5285216,Utmarksvägen,754,0.7,141,198,204,0,SE
34074046,Damm - Utpost - Entré N,969.8,0.3,,,,0,
25400141,Jullevägen norrut,1567.6,-0.1,307,491,29,0,NW
8653012,Tågjakt,461,-0.800000011920929,91,,35,0,
11587762,MAX IV Challange! - In your backyard,444.4,-0.2,,,,0,
35145886,Kunskapsspiralen neråt,557.4,-1.7,105,130,96,0,NW
14409908,M-skylt till husvägg,323.2,-0.2,54,87,155,0,N
20689660,Fladen O 1k,840.5,0.3,,,,0,
30130926,Kunskapssnurren,626.9,1.6,107,158,71,0,SE
21555637,"Fladen V, N to S",809.5,0.1,,,,0,
30902517,Waves on foot (watch out for bikes!),1139.3,0,,,,0,
10898546,Get ya shoes dirty,727.2,0.4,162,,106,0,
6973269,Annehem - St Hans,469.5,1.3,94,,364,0,
14842235,Synchrotron clockwise,702,0.9,159,,44,0,
18283908,Synchrotron bump,108.7,0.4,24,,203,0,
12629696,Synchrotron bump,178.39999389648438,1.6,43,,148,0,
8464832,Dirt track,1140,0.8,259,,107,0,
22134513,ESS - Kunskapsparken,412.3,-0.5,,,,0,
22134490,Korsning ESS- Brunnshögstorget,1034.7,0.7,,,,0,
14720009,Mount bacon,101.5,25.8,26,,152,0,
21003223,Kräkåttan,1066.2,0,,,,0,
22277744,Grusvägen bakom tjurbacken,467.1,0,,,,0,
3542636,Löddenäsvägen,665.5,0.3,,,,0,
11375835,Sandby mosse,4434.7,0.1,1121,,17,0,
6910034,"Ladugardsmarken, N",2716.3,-0.6,575,,203,0,
8752715,Graveyard Shift,469,0.1,98,,241,0,
34226638,Flykten från rastgården,497.9,-2,,,,0,
18652989,Hundrundan,1001,0.2,200,237,18,0,E
34226650,Runda Pukgränden,561,-0.6,,,,0,
24049551,Flyinge here we come,2040,0,,,,0,
10111754,Ladugårdsmarksstråket,2965.4,0,650,,49,0,
34074028,Asfalt mellan Entréer N-S,926.5,0.2,,,,0,
22961192,Down to Nöbbelövs mosse,592.8,-0.7,,,,0,
25103865,Runt Mossen,2403.7,0.2,,,,0,
29794454,Kunskapsparken - 1 Mile,1620.3,-0.1,,,,0,
8653019,Tågjakt (reverse),479,0.8,102,,92,0,
24962025,Fredentorps 1 km,1005,-0.2,,,,0,
12794770,"linnebjer, moturs",2314.5,0,,,,0,
26038508,Tram stop ESS to tram stop MaxIV,885.9,0,,,,0,
31286908,Jägaren intervall syd,256.1,-0.3,,,,0,
20999285,Tornhillsrakan,904.8,-0.6,,,,0,
19853283,"sandby->flyingeby, via grus",1107.6,-0.1,,,,0,
19492282,Västervångsvägen norrut,773,-0.1,,,,0,
21507949,Linnebjerace,1860.3,0,,,,0,
22961182,Nöbbelövs kyrkoväg,735.5,-0.9,,,,0,
7419861,Odarslövsrakan,2593.5,0.5,,,,0,
15994055,Science sprint,2192.9,0.4,,,,0,
19590348,Korsåkersvägen spurt,252.8,0.7,43,59,157,0,E
24049620,"Boom , flying towards sandby",1706.5,0.2,,,,0,
17933933,Rakan mellan åkrarna riktning uppför,893.7,1.2,178,,278,0,
32572700,"Korsåkersvägen, raka",288.9,1.4,51,70,250,0,S
32572749,"Korsåkersvägen, asfalten",570.6,0.5,147,173,20,0,SE
30475653,Ö. Odarslöv to Damstorpsvägen,1336.9,0.1,,,,0,
29422530,Vällkärrabäcken N-S,548.9,1,116,143,340,0,SE
8752818,Nöbbelövs Mosse - trainspotting,1291,0.6,,,,0,
13296008,Varvet runt sjön,879.6,0,176,207,112,0,SE
9808516,Järnvägen till Kävlingevägen,1073.8,1,,,,0,
19853302,"flyingeby->sandby, via grus",1102,0.1,,,,0,
9781732,Tegelbruksvägen österut,604,0.7,,,,0,
30134242,Grusvägsintervall,490.6,0.1,,,,0,
6973502,Vallkärra - Stångby,917.6,1.3,195,,179,0,
29435275,Plantskolan - Annehem,904.3,0.6,,,,0,
15085814,"Tegelbruksvägen, västerut",603.5999755859375,-1,,,,0,
22455847,Östra Odarslöv Sprint,1258.1,0.4,,,,0,
11980964,"Ladugårdmarken, up the road",656,1.3,,,,0,
17773948,Norra västkustvägen genom Borgeby,1313.2,-0.1,,,,0,
17067986,Borgeby-Lödde,2020,-0.3,,,,0,
28809459,Längs med järnvägen N-S,431.3,0.7,,,,0,
25702362,Gästabudsparken spurt,280.1,-0.8,40,52,177,0,N
24067903,Hästspåret österut,1815.9000244140625,-0.6,,,,0,
35225838,Stångby Öster,906,0.1,,,,0,
15982635,Holy mile,1642.1,-0.8,,,,0,
29322308,Löddeängar till kanotklubben,874.7999877929688,-0.8,,,,0,
17068019,Lödde Å-backen,262.5,3.8,,,,0,
26990345,Svenske kungen,1012.5,-2.3,,,,0,
27082061,2km runt gudavägarna,2006.4000244140625,0.1,,,,0,
20255193,Stävie chicken race,675.5,0,,,,0,
26125557,Streak mile,1530,-0.1,,,,0,
15993996,Pilevallen,1033.9,-0.4,,,,0,
26990324,Danske kungen,998.8,2.3,,,,0,
14176207,Intervall västerut utmärkt 1000 meter sträcka,983.3,0.1,,,,0,
